seed_url,post_title,outbound_url_raw,landing_url,wt_mc_id,landing_status,landing_kind,leads_with_this_tag_most_recent,dedupe_note,note
https://www.linkedin.com/pulse/how-smarter-returns-management-can-lead-retail-growth-ups-kxlbc,How Smarter Returns Management Can Lead to Retail Growth,https://www.ups.com/us/en/customized-shipping-logistic-services/retail-store-shipping-logistic-solutions/win-customer-loyalty-with-omnichannel-retail-strategies,https://www.ups.com/us/en/customized-shipping-logistic-services/retail-store-shipping-logistic-solutions/win-customer-loyalty-with-omnichannel-retail-strategies,,crawled: ok 200,"content page, 1 click from the form",,already an entry link in config: skip,
https://www.linkedin.com/feed/update/urn:li:activity:7443019959003389952,,https://lnkd.in/e8aMd5GY,https://www.ups.com/us/en/customized-shipping-logistic-services/luxury-premium-goods-business-solutions/the-battle-for-authenticity-track-and-trace-vs-counterfeit-goods,TK_HIE_DIR_TrackandTrace_2603,crawled: ok 200,"content page, 1 click from the form",,,
https://www.linkedin.com/feed/update/urn:li:activity:7359211693492555776,,https://lnkd.in/eGZvQP7W,https://www.ups.com/us/en/customized-shipping-logistic-services/luxury-premium-goods-business-solutions/eight-best-practices-for-safe-secure-package-delivery,,crawled: ok 200,"content page, 1 click from the form",,,
https://www.linkedin.com/feed/update/urn:li:activity:7382446434379333633,,https://lnkd.in/ehAMiAF9,https://solutions.ups.com/SBR-signup-ussp-page.html,GM_PARTNER_CONTENT_Roundtable_2509,crawled: robots ,conversion page (gated asset),1,,
https://lnkd.in/p/en-74ndK,,https://lnkd.in/exWrmnnn,https://www.ups.com/us/en/customized-shipping-logistic-services/manufacturing-logistics-services/business-benefits-of-inventory-optimization,,crawled: ok 200,"content page, 1 click from the form",,already an entry link in config: skip,
https://www.linkedin.com/pulse/how-luxury-consumer-discretionary-spending-evolving-ups-f87lc,,,,,,,,,row empty: no links filled in
https://lnkd.in/p/egHaau8K,RFID-enabled package tracking,http://spr.ly/6047B6NuIL,https://about.ups.com/us/en/our-stories/customer-first/ups-is-the-first-major-logistics-provider-to-broadly-roll-out-rf.html,,crawled: ok 200,"content page, no direct form link",,,
https://lnkd.in/p/e6ucsNrd,UPS building more resilent suply chain,http://spr.ly/6040B1mXny,https://about.ups.com/us/en/newsroom/press-releases/customer-first/ups-invests-more-than--2-billion-to-give-customers-even-faster-s.html,,crawled: ok 200,"content page, no direct form link",,,
https://lnkd.in/p/ehM3SkBu,helping SMBs better manage stock,https://lnkd.in/evjhB6Gm,https://www.ups.com/us/en/customized-shipping-logistic-services/wholesale-logistics-services/inventory-visibility,,crawled: ok 200,"content page, 1 click from the form",,,
https://lnkd.in/p/e_hitM8E,Happy Returns LinkedIn,http://spr.ly/6042BE2bmK,https://www.ups.com/us/en/customized-shipping-logistic-services/retail-store-shipping-logistic-solutions/improve-retail-customer-satisfaction,COMM_LI_CONTENT_ImproveCustSatisfaction_2604,crawled: ok 200,"content page, 1 click from the form",,,
https://lnkd.in/p/eAtBAJaA,Avoid Surprise International Fees,https://lnkd.in/gW6b2KWd,https://www.ups.com/us/en/customized-shipping-logistic-services/luxury-premium-goods-business-solutions/delivery-duty-paid-ddp,TK_HIE_DIR_DDP_2603,crawled: ok 200,"content page, 1 click from the form",,,
https://lnkd.in/p/ea2vUpKY,Lean Inventory Management for Luxury Retailers,https://lnkd.in/gvdA5WAT,https://solutions.ups.com/consumer-trends-ussp-page.html,TK_HIE_DIR_ConsumerTrends_2603,crawled: robots ,conversion page (gated asset),1,,
https://lnkd.in/p/e8rPEYgs,2026 Consumer Trends to Watch,https://lnkd.in/gvdA5WAT,https://solutions.ups.com/consumer-trends-ussp-page.html,TK_HIE_DIR_ConsumerTrends_2603,crawled: robots ,conversion page (gated asset),1,"same landing page as row 12: keep the edge, one node",
https://www.linkedin.com/posts/ups_sending-docs-that-really-matter-youre-not-activity-7415394671192932352-uFor,Sending docs that really matter?,https://www.ups.com/us/en/customized-shipping-logistic-services/urgent-documents-shipping-logistics/urgent-document-verification-secure-deliveries,https://www.ups.com/us/en/customized-shipping-logistic-services/urgent-documents-shipping-logistics/urgent-document-verification-secure-deliveries,,crawled: ok 200,"content page, 1 click from the form",,,
https://www.linkedin.com/posts/jessicadenbosmith_forecasting-inventory-luxurygoods-activity-7397366899120062465-bBtq,Luxury brands have an expanding list of demand signals,https://lnkd.in/eNQ9UfbZ,https://www.ups.com/us/en/customized-shipping-logistic-services/luxury-premium-goods-business-solutions/lean-inventory-management-for-luxury-retailers,GM_PARTNER_CONTENT_InventoryEquation_2510,dead: 404 (checked live 2026-10-02),dead page,,,
https://www.linkedin.com/posts/jessicadenbosmith_warehousing-wholesalers-dynamiccapacity-activity-7401213532718989312-NiVc,Dynamic capacity strategies,https://lnkd.in/eXYscsi3,https://www.ups.com/us/en/customized-shipping-logistic-services/wholesale-logistics-services/fuel-agility-and-profits-for-wholesalers,CORP_PARTNER_CONTENT_DynamicCapacity_2509,crawled: ok 200,"content page, 1 click from the form",,,
