role,url,host,leads,share_of_leads,paid_click_share,in_crawl_win_list,page_type_or_win_type,section_or_name_title,top_tags,attribution
conversion page,https://solutions.ups.com/virtual-consultation-us-en-v4.html,solutions.ups.com,633,0.805,0.638,yes,Virtual consultation,Virtual consultation (current),ONLINE_WEB_Wholesalers_Archetype_MktgVirtualConsultationMain (149); ONLINE_WEB_Store_Based_Retailers_Archetype_MktgVirtualConsul (146); GM_WEB_CONTENT_AIEfficiencies_2507 (91),
conversion page,https://solutions.ups.com/consumer-trends-ussp-page.html,solutions.ups.com,44,0.056,0.0,yes,White papers & reports,Report: Consumer trends,GM_WEB_CONTENT_ConsumerTrends_2602 (26); (none) (12); GM_WEB_CONTENT_GenZWealth_2604 (3),
conversion page,https://solutions.ups.com/preparing-for-peak-ussp-page.html,solutions.ups.com,42,0.053,0.333,yes,White papers & reports,White paper: Preparing for peak,CORP_HUB_CONTENT_PeakReadiness_SBR_2507 (22); CORP_HUB_CONTENT_PeakReadiness_DTC_2507 (13); CORP_HUB_CONTENT_PeakReadiness_LPR_2507 (7),
conversion page,https://solutions.ups.com/sbr-signup-ussp-page.html,solutions.ups.com,16,0.02,0.0,no,,,(none) (10); GM_WEB_CONTENT_Roundtable_2602 (5); GM_PARTNER_CONTENT_Roundtable_2509 (1),
conversion page,https://solutions.ups.com/circular-economy-ussp-page.html,solutions.ups.com,10,0.013,0.2,yes,White papers & reports,Report: Circular economy,(none) (6); GM_WEB_CONTENT_CELandingPage_2604 (4),
conversion page,https://solutions.ups.com/manufacturing-ussp-page.html,solutions.ups.com,6,0.008,0.0,yes,White papers & reports,White paper: Manufacturing,(none) (6),
conversion page,https://solutions.ups.com/ussp-2605-gc-xxxx-manufacturingwhitepaper-mv_page.html,solutions.ups.com,2,0.003,0.0,no,,,(none) (2),
conversion page,https://solutions.ups.com/speed-and-smarts-ussp-page.html,solutions.ups.com,1,0.001,0.0,yes,White papers & reports,Report: Speed and smarts,(none) (1),
excluded,(null),,28,0.036,,,,,URL column empty,
excluded,solutions.ups.com/lpeditor/devicePreview,solutions.ups.com,4,0.005,,,,,"internal preview tool, not a visitor page",
page carrying the tag,https://www.ups.com/us/en/customized-shipping-logistic-services/retail-store-shipping-logistic-solutions,www.ups.com,157.0,0.2,,,product/service,customized-shipping-logistic-services | UPS Retail Store Shipping &amp; Logistic Solutions | UPS - United Stat,CORP_HUB_CONTENT_PeakReadiness_SBR_2507; ONLINE_WEB_Store_Based_Retailers_Archetype_MktgVirtualConsul,"part exact, part shared"
page carrying the tag,https://www.ups.com/us/en/customized-shipping-logistic-services/wholesale-logistics-services,www.ups.com,149.0,0.19,,,product/service,customized-shipping-logistic-services | Wholesale Logistics &amp; Fulfillment Services | UPS - United States,ONLINE_WEB_Wholesalers_Archetype_MktgVirtualConsultationMain,exact
page carrying the tag,https://www.ups.com/us/en/customized-shipping-logistic-services/wholesale-logistics-services/streamline-your-wholesale-operations-with-automation-and-ai,www.ups.com,91.0,0.116,,,product/service,customized-shipping-logistic-services | Streamline Your Wholesale Operations With Automation and AI | UPS - Un,GM_WEB_CONTENT_AIEfficiencies_2507,exact
page carrying the tag,https://www.ups.com/us/en/customized-shipping-logistic-services/urgent-documents-shipping-logistics,www.ups.com,53.0,0.067,,,product/service,customized-shipping-logistic-services | Urgent Document Shipping &amp; Delivery Services | UPS - United States,ONLINE_WEB_Urgent_Letters_and_Documents_Archetype_MktgVirtua,exact
page carrying the tag,https://www.ups.com/us/en/customized-shipping-logistic-services/industrial-logistic-services,www.ups.com,27.0,0.034,,,product/service,customized-shipping-logistic-services | Industrial Manufacturing Logistics &amp; Distribution Shipping Solutio,GM_WEB_CONTENT_IndustrialLP_2607,exact
page carrying the tag,https://www.ups.com/us/en/customized-shipping-logistic-services/automotive-logistic-services,www.ups.com,25.0,0.032,,,product/service,"customized-shipping-logistic-services | Automotive Logistics, OEM &amp; Aftermarket Shipping Solutions | UPS -",GM_WEB_CONTENT_AutomotiveLP_2607,exact
page carrying the tag,https://www.ups.com/us/en/customized-shipping-logistic-services/manufacturing-logistics-services,www.ups.com,21.0,0.027,,,product/service,customized-shipping-logistic-services | UPS Manufacturing Logistics Services | UPS - United States,ONLINE_WEB_Manufacturing_Archetype_MktgVirtualConsultationMa,exact
page carrying the tag,https://www.ups.com/us/en/home,www.ups.com,17.0,0.022,,,home,(home) | UPS Global Shipping and Logistics Solutions | Ship and Track Online | ,WEB_WEB_UPSMainLandingPage_MktgVirtualConsultationMainPage_1,exact
page carrying the tag,https://www.ups.com/us/en/customized-shipping-logistic-services/direct-to-consumer-shipping-logistics-solutions,www.ups.com,16.0,0.02,,,product/service,customized-shipping-logistic-services | UPS Direct to Consumer Shipping &amp; Logistic Solutions | UPS - Unite,CORP_HUB_CONTENT_PeakReadiness_DTC_2507; ONLINE_WEB_Direct_to_Consumer_Archetype_MktgVirtualConsultat,exact
page carrying the tag,https://www.ups.com/us/en/customized-shipping-logistic-services/luxury-premium-goods-business-solutions/deliver-premium-experience-in-peak-and-beyond,www.ups.com,14.9,0.019,,,product/service,customized-shipping-logistic-services | How Luxury Goods Logistics Delivers Tailored Shipping Experiences | UP,CORP_HUB_CONTENT_PeakReadiness_SBR_2507; ONLINE_CONTENT_WHConnections_0625_MktgVirtualConsultationMai; ONLINE_WEB_Luxury_and_Premium_Goods_Archetype_MktgVirtualCon,"shared tag, split evenly"
page carrying the tag,https://www.ups.com/us/en/customized-shipping-logistic-services/retail-store-shipping-logistic-solutions/retail-consumer-trends,www.ups.com,13.0,0.017,,,product/service,customized-shipping-logistic-services | Consumer Trends 2026 | UPS - United States,GM_WEB_CONTENT_ConsumerTrends_2602,"shared tag, split evenly"
page carrying the tag,https://www.ups.com/us/en/customized-shipping-logistic-services/retail-store-shipping-logistic-solutions/reducing-retail-return-fraud,www.ups.com,13.0,0.017,,,product/service,customized-shipping-logistic-services | Reduce Retail Return Fraud with Clear Policies and Strategies | UPS - ,GM_WEB_CONTENT_ConsumerTrends_2602,"shared tag, split evenly"
page carrying the tag,https://www.ups.com/us/en/customized-shipping-logistic-services/luxury-premium-goods-business-solutions/lean-inventory-management,www.ups.com,5.7,0.007,,,product/service,customized-shipping-logistic-services | Lean Retail Inventory Management for Luxury Goods | UPS - United State,CORP_HUB_CONTENT_PeakReadiness_LPR_2507; ONLINE_CONTENT_WHConnections_0625_MktgVirtualConsultationMai; ONLINE_WEB_Luxury_and_Premium_Goods_Archetype_MktgVirtualCon,"shared tag, split evenly"
page carrying the tag,https://www.ups.com/us/en/customized-shipping-logistic-services/luxury-premium-goods-business-solutions,www.ups.com,5.6,0.007,,,product/service,customized-shipping-logistic-services | UPS Luxury &amp; Premium Goods Business Solutions | UPS - United State,CORP_HUB_CONTENT_PeakReadiness_LPR_2507; ONLINE_WEB_Luxury_and_Premium_Goods_Archetype_MktgVirtualCon,"shared tag, split evenly"
page carrying the tag,https://www.ups.com/us/en/customized-shipping-logistic-services/manufacturing-logistics-services/sustainable-manufacturing-reduce-costs-environmental-impact,www.ups.com,5.1,0.006,,,corporate,customized-shipping-logistic-services | Sustainable Manufacturing and Closed-Loop Supply Chain Can Lead to Cos,GM_WEB_CONTENT_CELandingPage_2604; ONLINE_WEB_Small_Business_Solutions_MktgVirtualConsultationM,"shared tag, split evenly"
page carrying the tag,https://www.ups.com/us/en/customized-shipping-logistic-services/retail-store-shipping-logistic-solutions/retail-supply-chain-disruptions,www.ups.com,5.0,0.006,,,product/service,customized-shipping-logistic-services | Video: Managing Retail Supply Chain Through Disruption | UPS - United ,GM_WEB_CONTENT_Roundtable_2602,exact
page carrying the tag,https://www.ups.com/us/en/customized-shipping-logistic-services/high-tech-logistic-services,www.ups.com,4.0,0.005,,,product/service,customized-shipping-logistic-services | High-Tech Logistics Solutions for Semiconductors &amp; Data Centers | ,GM_WEB_CONTENT_HighTechLP_2607,exact
page carrying the tag,https://www.ups.com/us/en/customized-shipping-logistic-services/luxury-premium-goods-business-solutions/delivery-duty-paid-ddp,www.ups.com,4.0,0.005,,,product/service,customized-shipping-logistic-services | Navigate International Shipments with Delivery Duty Paid | UPS - Unite,GM_WEB_CONTENT_CrossBorder_2602,exact
page carrying the tag,https://www.ups.com/us/en/customized-shipping-logistic-services/luxury-premium-goods-business-solutions/the-battle-for-authenticity-track-and-trace-vs-counterfeit-goods,www.ups.com,3.9,0.005,,,tool,customized-shipping-logistic-services | Counterfeit Goods: How Track and Trace Secures Luxury Deliveries | UPS,ONLINE_CONTENT_WHConnections_0625_MktgVirtualConsultationMai; ONLINE_WEB_Luxury_and_Premium_Goods_Archetype_MktgVirtualCon,"shared tag, split evenly"
page carrying the tag,https://www.ups.com/us/en/customized-shipping-logistic-services/urgent-documents-shipping-logistics/urgent-document-verification-secure-deliveries,www.ups.com,3.9,0.005,,,product/service,customized-shipping-logistic-services | What’s in That Envelope? Document Verification Helps Ensure Secure Del,ONLINE_CONTENT_WHConnections_0625_MktgVirtualConsultationMai; ONLINE_WEB_Luxury_and_Premium_Goods_Archetype_MktgVirtualCon,"shared tag, split evenly"
page carrying the tag,https://www.ups.com/us/en/business-solutions/business-shipping-tools,www.ups.com,3.9,0.005,,,tool,business-solutions | Business Shipping Tools | UPS - United States,ONLINE_WEB_GrowYourBusiness|MktgVirtualConsultationDiscountP; ONLINE_WEB_Small_Business_Solutions_MktgVirtualConsultationM,"shared tag, split evenly"
page carrying the tag,https://www.ups.com/us/en/customized-shipping-logistic-services/luxury-premium-goods-business-solutions/eight-best-practices-for-safe-secure-package-delivery,www.ups.com,3.8,0.005,,,product/service,"customized-shipping-logistic-services | 8 Best Practices for Safe, Secure Package Delivery | UPS - United Stat",ONLINE_WEB_Luxury_and_Premium_Goods_Archetype_MktgVirtualCon,"shared tag, split evenly"
page carrying the tag,https://www.ups.com/us/en/customized-shipping-logistic-services/manufacturing-logistics-services/five-steps-for-a-future-ready-warehouse,www.ups.com,3.8,0.005,,,product/service,customized-shipping-logistic-services | Warehouse Optimization: 5 Steps to a Future-Ready Warehouse | UPS - Un,ONLINE_WEB_Small_Business_Solutions_MktgVirtualConsultationM,"shared tag, split evenly"
page carrying the tag,https://www.ups.com/us/en/customized-shipping-logistic-services/manufacturing-logistics-services/reducing-downtime-through-logistics-planning,www.ups.com,3.8,0.005,,,product/service,customized-shipping-logistic-services | Reducing Manufacturing Downtime Through Proactive Logistics Planning |,ONLINE_WEB_Small_Business_Solutions_MktgVirtualConsultationM,"shared tag, split evenly"
page carrying the tag,https://www.ups.com/us/en/customized-shipping-logistic-services/luxury-premium-goods-business-solutions/gen-z-buying-habits,www.ups.com,3.0,0.004,,,product/service,customized-shipping-logistic-services | What Retailers Need to Know About Gen Z Buying Habits | UPS - United S,GM_WEB_CONTENT_GenZWealth_2604,exact
page carrying the tag,https://www.ups.com/us/en/shipping/international-shipping,www.ups.com,2.0,0.003,,,product/service,shipping | International Shipping Guides and Resources | UPS - United States,ONLINE_WEB_International_Shipping_MktgVirtualConsultationMai,exact
page carrying the tag,https://www.ups.com/us/en/business-solutions/grow-your-business-solutions/expand-internationally/ups-worldwide-economy,www.ups.com,2.0,0.003,,,product/service,business-solutions | UPS Worldwide Economy Shipping Service | UPS - United States,ONLINE_WEB_WWE_Page|MktgVirtualConsultationMainPage_104881,exact
page carrying the tag,https://www.ups.com/us/en/customized-shipping-logistic-services/luxury-premium-goods-business-solutions/retail-consumer-trends,www.ups.com,2.0,0.003,,,product/service,customized-shipping-logistic-services | Retail Consumer Trends in 2026: Meeting Shoppers’ Expectations | UPS -,GM_WEB_CONTENT_RetailConsumerTrends_2604,exact
page carrying the tag,https://www.ups.com/us/en/customized-shipping-logistic-services/urgent-documents-shipping-logistics/document-security-across-industries,www.ups.com,2.0,0.003,,,product/service,customized-shipping-logistic-services | Document Security and Delivery Across Industries | UPS - United States,GM_WEB_CONTENT_DocumentSecurity_2601,exact
page carrying the tag,https://www.ups.com/us/en/customized-shipping-logistic-services/urgent-documents-shipping-logistics/improve-document-workflow,www.ups.com,2.0,0.003,,,product/service,customized-shipping-logistic-services | How to Improve Document Workflow | UPS - United States,GM_WEB_CONTENT_DocInteg_2511,exact
page carrying the tag,https://www.ups.com/us/en/customized-shipping-logistic-services/wholesale-logistics-services/how-peak-technology-positions-wholesalers-for-success,www.ups.com,1.9,0.002,,,product/service,customized-shipping-logistic-services | Peak Technology for Wholesalers: Smarter Peak Season Planning | UPS - ,CORP_HUB_CONTENT_PeakReadiness_LPR_2507; ONLINE_CONTENT_WHConnections_0625_MktgVirtualConsultationMai,"shared tag, split evenly"
page carrying the tag,https://www.ups.com/us/en/customized-shipping-logistic-services/luxury-premium-goods-business-solutions/luxury-consumer-discretionary-spending,www.ups.com,1.8,0.002,,,product/service,customized-shipping-logistic-services | Consumer Spending Trends for Luxury Retailers | UPS - United States,CORP_HUB_CONTENT_PeakReadiness_LPR_2507,"shared tag, split evenly"
page carrying the tag,https://www.ups.com/us/en/customized-shipping-logistic-services/manufacturing-logistics-services/sustainable-manufacturing,www.ups.com,1.3,0.002,,,corporate,customized-shipping-logistic-services | The Circular Economy and Sustainable Manufacturing | UPS - United Stat,GM_WEB_CONTENT_CELandingPage_2604,"shared tag, split evenly"
page carrying the tag,https://www.ups.com/us/en/customized-shipping-logistic-services/manufacturing-logistics-services/sustainable-manufacturing-overcoming-challenges,www.ups.com,1.3,0.002,,,corporate,customized-shipping-logistic-services | Overcoming Circular Economy Challenges in Manufacturing | UPS - United,GM_WEB_CONTENT_CELandingPage_2604,"shared tag, split evenly"
page carrying the tag,https://www.ups.com/us/en/customized-shipping-logistic-services/retail-store-shipping-logistic-solutions/how-predictive-analytics-is-reshaping-retail,www.ups.com,1.1,0.001,,,product/service,customized-shipping-logistic-services | Retail Supply Chain Predictive Analytics Helps Retailers Meet Demand |,GM_WEB_CONTENT_OmnichannelRetail_2508; ONLINE_CONTENT_WHConnections_0625_MktgVirtualConsultationMai,"shared tag, split evenly"
page carrying the tag,https://www.ups.com/us/en/customized-shipping-logistic-services/retail-store-shipping-logistic-solutions/win-customer-loyalty-with-omnichannel-retail-strategies,www.ups.com,1.0,0.001,,,tool,customized-shipping-logistic-services | Win Customer Loyalty With Omnichannel Retail Strategies | UPS - United,GM_WEB_CONTENT_OmnichannelRetail_2508,"shared tag, split evenly"
page carrying the tag,https://www.ups.com/us/en/customized-shipping-logistic-services/retail-store-shipping-logistic-solutions/mastering-your-omnichannel-strategy-for-retail-growth,www.ups.com,1.0,0.001,,,tool,customized-shipping-logistic-services | Mastering Your Omnichannel Retail Strategy for Business Growth | UPS -,GM_WEB_CONTENT_OmnichannelRetail_2508,"shared tag, split evenly"
page carrying the tag,https://www.ups.com/us/en/business-solutions/grow-your-business-solutions/expand-internationally,www.ups.com,1.0,0.001,,,product/service,business-solutions | Expand Your Business Internationally | UPS - United States,ONLINE_WEB_Expand_your_business_internationally_MktgVirtualC,exact
page carrying the tag,https://www.ups.com/us/en/customized-shipping-logistic-services,www.ups.com,1.0,0.001,,,product/service,customized-shipping-logistic-services | UPS Customized Shipping and Logistics Services | UPS - United States,ONLINE_WEB_Archetype_Page_MktgVirtualConsultationMainPage_10,"shared tag, split evenly"
page carrying the tag,https://www.ups.com/us/en/customized-shipping-logistic-services/industry-specific-resources-and-expertise,www.ups.com,1.0,0.001,,,content,customized-shipping-logistic-services | Tackle Business Challenges With Industry-Specific Tools | UPS - United,ONLINE_WEB_Archetype_Page_MktgVirtualConsultationMainPage_10,"shared tag, split evenly"
page carrying the tag,https://www.ups.com/us/en/customized-shipping-logistic-services/perishable-goods-shipping-logistics-solutions,www.ups.com,1.0,0.001,,,product/service,customized-shipping-logistic-services | UPS Perishable Goods Shipping &amp; Logistic Solutions | UPS - United ,ONLINE_WEB_Archetype_Page_MktgVirtualConsultationMainPage_10,"shared tag, split evenly"
page carrying the tag,https://www.ups.com/us/en/business-solutions/expand-your-online-business/ups-digital-connections/partners,www.ups.com,1.0,0.001,,,product/service,business-solutions | UPS Digital Connections Partners | UPS - United States,ONLINE_WEB_UPSDigitalConnections/partner.page,exact
page carrying the tag,https://www.ups.com/us/en/customized-shipping-logistic-services/luxury-premium-goods-business-solutions/prevent-transit-damage,www.ups.com,1.0,0.001,,,product/service,customized-shipping-logistic-services | How to Protect Premium Goods from Transit Damage and Theft | UPS - Uni,GM_WEB_CONTENT_ProtectPremiumGoods_2602,exact
page carrying the tag,https://www.ups.com/us/en/customized-shipping-logistic-services/manufacturing-logistics-services/manufacturing-production-planning,www.ups.com,1.0,0.001,,,product/service,customized-shipping-logistic-services | Production Planning for a Dynamic World | UPS - United States,GM_WEB_CONTENT_ProductionPlaybook_2511,exact
page carrying the tag,https://www.ups.com/us/en/customized-shipping-logistic-services/urgent-documents-shipping-logistics/time-sensitive-documents-delivery,www.ups.com,1.0,0.001,,,product/service,customized-shipping-logistic-services | Why Optimized Operations for Time-Sensitive Documents Is a Gamechanger,GM_WEB_CONTENT_SameDayCriticalShipments_2511,exact
page carrying the tag,https://www.ups.com/us/en/customized-shipping-logistic-services/wholesale-logistics-services/avoid-delivery-disruptions,www.ups.com,1.0,0.001,,,product/service,customized-shipping-logistic-services | On-Time Delivery Logistics for Wholesalers | UPS - United States,GM_WEB_CONTENT_ReduceDisruptions_2607,exact
page carrying the tag,https://www.ups.com/us/en/customized-shipping-logistic-services/wholesale-logistics-services/inventory-visibility,www.ups.com,0.5,0.001,,,product/service,customized-shipping-logistic-services | Inventory Visibility Streamlines Wholesaler Operations | UPS - United ,GM_PARTNER_CONTENT_Roundtable_2509,"shared tag, split evenly"
page carrying the tag,https://www.ups.com/us/en/customized-shipping-logistic-services/retail-store-shipping-logistic-solutions/improve-retail-customer-satisfaction,www.ups.com,0.5,0.001,,,product/service,customized-shipping-logistic-services | 4 Ideas to Improve Retail Customer Satisfaction | UPS - United States,GM_PARTNER_CONTENT_Roundtable_2509,"shared tag, split evenly"
page carrying the tag,https://about.ups.com/us/en/our-stories/customer-first/lighting-up-our-u-s--network-end-to-end-with-rfid.html,about.ups.com,0.2,0.0,,,content,our-stories | Lighting up our U.S. network end-to-end with RFID,ONLINE_WEB_GrowYourBusiness|MktgVirtualConsultationDiscountP,"shared tag, split evenly"
page carrying the tag,https://about.ups.com/us/en/our-stories/customer-first/happy-returns-co-founder-and-ceo-david-sobie-talks-expansion-of-.html,about.ups.com,0.2,0.0,,,content,our-stories | Happy Returns Co-founder and CEO David Sobie Talks Expansion of Return,ONLINE_WEB_GrowYourBusiness|MktgVirtualConsultationDiscountP,"shared tag, split evenly"
page carrying the tag,https://about.ups.com/us/en/our-stories/customer-first/how-ups-shipping-solutions-support-quooker-s-growth-and-customer.html,about.ups.com,0.2,0.0,,,support,our-stories | How UPS Shipping Solutions Support Quooker's Growth and Customer Needs,ONLINE_WEB_GrowYourBusiness|MktgVirtualConsultationDiscountP,"shared tag, split evenly"
page carrying the tag,https://about.ups.com/us/en/our-stories/customer-first/small-businesses-grow-beyond-borders-with-ups-.html,about.ups.com,0.2,0.0,,,content,our-stories | Small businesses grow beyond borders with UPS,ONLINE_WEB_GrowYourBusiness|MktgVirtualConsultationDiscountP,"shared tag, split evenly"
page carrying the tag,https://about.ups.com/us/en/our-stories/customer-first/-get-with-the-winning-team--how-to-get-started-with-ups-and-grow.html,about.ups.com,0.2,0.0,,,content,our-stories | Get with the winning team: How to get started with UPS and grow your b,ONLINE_WEB_GrowYourBusiness|MktgVirtualConsultationDiscountP,"shared tag, split evenly"
page carrying the tag,https://about.ups.com/us/en/our-stories/customer-first/spanish-retailer-doubles-u-s--business-with-curated-fashion-and-.html,about.ups.com,0.2,0.0,,,tool,our-stories | Retailer doubles sales to the U.S. with easy exports and reliable ship,ONLINE_WEB_GrowYourBusiness|MktgVirtualConsultationDiscountP,"shared tag, split evenly"
page carrying the tag,https://about.ups.com/us/en/our-stories/customer-first/ups-helps-businesses-grow-with-sustainable-shipping-and-easy-ret.html,about.ups.com,0.2,0.0,,,support,our-stories | UPS helps businesses grow with sustainable shipping and easy returns,ONLINE_WEB_GrowYourBusiness|MktgVirtualConsultationDiscountP,"shared tag, split evenly"
page carrying the tag,https://about.ups.com/us/en/our-stories/customer-first/woodworking-company-s-export-business-booms-with-help-from-ups.html,about.ups.com,0.2,0.0,,,support,our-stories | Woodworking company’s export business booms with help from UPS,ONLINE_WEB_GrowYourBusiness|MktgVirtualConsultationDiscountP,"shared tag, split evenly"
page carrying the tag,https://about.ups.com/us/en/our-stories/customer-first/how-ups-is-strengthening-supply-chains-and-accelerating-growth-a.html,about.ups.com,0.2,0.0,,,content,our-stories | How UPS is strengthening supply chains and accelerating growth across ,ONLINE_WEB_GrowYourBusiness|MktgVirtualConsultationDiscountP,"shared tag, split evenly"
page carrying the tag,https://about.ups.com/us/en/our-stories/customer-first/how-ups-powers-small-business-growth.html,about.ups.com,0.2,0.0,,,content,our-stories | How UPS powers small business growth,ONLINE_WEB_GrowYourBusiness|MktgVirtualConsultationDiscountP,"shared tag, split evenly"
page carrying the tag,https://about.ups.com/us/en/our-stories/customer-first/new-shelves--new-customers---same-reliable-shipper.html,about.ups.com,0.2,0.0,,,content,"our-stories | New shelves, new customers – same reliable shipper",ONLINE_WEB_GrowYourBusiness|MktgVirtualConsultationDiscountP,"shared tag, split evenly"
page carrying the tag,https://about.ups.com/us/en/our-stories/customer-first/sanmar-and-ups--an-iconic-partnership-delivering-world-class-spe.html,about.ups.com,0.2,0.0,,,content,"our-stories | SanMar and UPS, an iconic partnership delivering world-class speed and",ONLINE_WEB_GrowYourBusiness|MktgVirtualConsultationDiscountP,"shared tag, split evenly"
page carrying the tag,https://about.ups.com/us/en/our-stories/customer-first/small-businesses-scale-from-local-favorites-to-global-brands-wit.html,about.ups.com,0.2,0.0,,,content,our-stories | Small businesses scale from local favorites to global brands with UPS,ONLINE_WEB_GrowYourBusiness|MktgVirtualConsultationDiscountP,"shared tag, split evenly"
page carrying the tag,https://about.ups.com/us/en/our-stories/innovation-driven/how-ups-is-helping-customers-with-sustainable-logistics.html,about.ups.com,0.2,0.0,,,support,our-stories | How UPS is helping customers with sustainable logistics,ONLINE_WEB_GrowYourBusiness|MktgVirtualConsultationDiscountP,"shared tag, split evenly"
page carrying the tag,https://about.ups.com/us/en/our-stories/customer-first/welcome-to-the-next-generation-of-brokerage-services.html,about.ups.com,0.2,0.0,,,content,our-stories | UPS’s next generation of brokerage services makes international shippi,ONLINE_WEB_GrowYourBusiness|MktgVirtualConsultationDiscountP,"shared tag, split evenly"
page carrying the tag,https://about.ups.com/us/en/our-stories/customer-first/four-exporting-mistakes.html,about.ups.com,0.2,0.0,,,content,"our-stories | Before you ship internationally, here are 4 mistakes to avoid",ONLINE_WEB_GrowYourBusiness|MktgVirtualConsultationDiscountP,"shared tag, split evenly"
page carrying the tag,https://about.ups.com/us/en/our-stories/customer-first/paper-is-a-pain-for-exporters--that-s-why-ups-is-paperless.html,about.ups.com,0.2,0.0,,,content,our-stories | Exporting with UPS helps small businesses compete with big ones,ONLINE_WEB_GrowYourBusiness|MktgVirtualConsultationDiscountP,"shared tag, split evenly"
page carrying the tag,https://www.ups.com/us/en/customized-shipping-logistic-services/wholesale-logistics-services/fuel-agility-and-profits-for-wholesalers,www.ups.com,0.1,0.0,,,product/service,customized-shipping-logistic-services | Fuel Agility and Profits with Supply Chain Planning and Flexibility | ,ONLINE_CONTENT_WHConnections_0625_MktgVirtualConsultationMai,"shared tag, split evenly"
page carrying the tag,https://www.ups.com/us/en/customized-shipping-logistic-services/wholesale-logistics-services/how-wholesale-businesses-keep-and-grow-critical-connections,www.ups.com,0.1,0.0,,,product/service,customized-shipping-logistic-services | How UPS Helps Wholesale Businesses Keep and Grow Critical Connections ,ONLINE_CONTENT_WHConnections_0625_MktgVirtualConsultationMai,"shared tag, split evenly"
page carrying the tag,https://www.ups.com/us/en/customized-shipping-logistic-services/wholesale-logistics-services/wholesaling-services-demand-signals-smarter-forecasting,www.ups.com,0.1,0.0,,,product/service,customized-shipping-logistic-services | Demand Signals and the Future of Wholesale | UPS - United States,ONLINE_CONTENT_WHConnections_0625_MktgVirtualConsultationMai,"shared tag, split evenly"
