wt_mc_id,family,tag_kind,archetype_or_topic,campaign_yymm,leads_most_recent_tag,distinct_visitors,leads_source_initiative_tag,leads_tag_missing_but_in_source_initiative,paid_click_leads,paid_click_share,main_conversion_page,in_crawl,crawl_links,crawl_source_pages,crawl_target_pages,attribution,landing_matches_crawl_target,source_pages
ONLINE_WEB_Wholesalers_Archetype_MktgVirtualConsultationMainPage_108749,ONLINE,audience archetype,Wholesalers,,149,145,154,3,109,0.732,https://solutions.ups.com/virtual-consultation-us-en-v4.html,yes,2,1,https://solutions.ups.com/virtual-consultation-us-en-v4.html,single source page,yes,https://www.ups.com/us/en/customized-shipping-logistic-services/wholesale-logistics-services
ONLINE_WEB_Store_Based_Retailers_Archetype_MktgVirtualConsultationMainPage_108747,ONLINE,audience archetype,Store Based Retailers,,146,142,163,5,115,0.788,https://solutions.ups.com/virtual-consultation-us-en-v4.html,yes,4,1,https://solutions.ups.com/virtual-consultation-us-en-v4.html,single source page,yes,https://www.ups.com/us/en/customized-shipping-logistic-services/retail-store-shipping-logistic-solutions
GM_WEB_CONTENT_AIEfficiencies_2507,GM,content campaign,AIEfficiencies,2507,91,85,218,46,74,0.813,https://solutions.ups.com/virtual-consultation-us-en-v4.html,yes,2,1,https://solutions.ups.com/virtual-consultation-us-en-v4.html,single source page,yes,https://www.ups.com/us/en/customized-shipping-logistic-services/wholesale-logistics-services/streamline-your-wholesale-operations-with-automation-and-ai
(none),(none),untagged,,,75,21,0,0,0,0.0,null,no,0,0,,untagged,,
ONLINE_WEB_Urgent_Letters_and_Documents_Archetype_MktgVirtualConsultationMainPage_108748,ONLINE,audience archetype,Urgent Letters and Documents,,53,48,66,3,38,0.717,https://solutions.ups.com/virtual-consultation-us-en-v4.html,yes,2,1,https://solutions.ups.com/virtual-consultation-us-en-v4.html,single source page,yes,https://www.ups.com/us/en/customized-shipping-logistic-services/urgent-documents-shipping-logistics
GM_WEB_CONTENT_IndustrialLP_2607,GM,content campaign,IndustrialLP,2607,27,25,23,0,18,0.667,https://solutions.ups.com/virtual-consultation-us-en-v4.html,yes,2,1,https://solutions.ups.com/virtual-consultation-us-en-v4.html,single source page,yes,https://www.ups.com/us/en/customized-shipping-logistic-services/industrial-logistic-services
GM_WEB_CONTENT_ConsumerTrends_2602,GM,content campaign,ConsumerTrends,2602,26,23,24,0,0,0.0,https://solutions.ups.com/consumer-trends-ussp-page.html,yes,5,2,https://solutions.ups.com/consumer-trends-ussp-page.html|https://solutions.ups.com/virtual-consultation-2023-ussp-page.html,shared by 2 pages,yes,https://www.ups.com/us/en/customized-shipping-logistic-services/retail-store-shipping-logistic-solutions/reducing-retail-return-fraud|https://www.ups.com/us/en/customized-shipping-logistic-services/retail-store-shipping-logistic-solutions/retail-consumer-trends
GM_WEB_CONTENT_AutomotiveLP_2607,GM,content campaign,AutomotiveLP,2607,25,25,24,0,8,0.32,https://solutions.ups.com/virtual-consultation-us-en-v4.html,yes,2,1,https://solutions.ups.com/virtual-consultation-us-en-v4.html,single source page,yes,https://www.ups.com/us/en/customized-shipping-logistic-services/automotive-logistic-services
ONLINE_WEB_Luxury_and_Premium_Goods_Archetype_MktgVirtualConsultationMainPage_108743,ONLINE,audience archetype,Luxury and Premium Goods,,23,18,21,0,8,0.348,https://solutions.ups.com/virtual-consultation-us-en-v4.html,yes,7,6,https://solutions.ups.com/virtual-consultation-2023-ussp-page.html|https://solutions.ups.com/virtual-consultation-us-en-v4.html,shared by 6 pages,yes,https://www.ups.com/us/en/customized-shipping-logistic-services/luxury-premium-goods-business-solutions|https://www.ups.com/us/en/customized-shipping-logistic-services/luxury-premium-goods-business-solutions/deliver-premium-experience-in-peak-and-beyond|https://www.ups.com/us/en/customized-shipping-logistic-services/luxury-premium-goods-business-solutions/eight-best-practices-for-safe-secure-package-delivery|https://www.ups.com/us/en/customized-shipping-logistic-services/luxury-premium-goods-business-solutions/lean-inventory-management|https://www.ups.com/us/en/customized-shipping-logistic-services/luxury-premium-goods-business-solutions/the-battle-for-authenticity-track-and-trace-vs-counterfeit-goods|https://www.ups.com/us/en/customized-shipping-logistic-services/urgent-documents-shipping-logistics/urgent-document-verification-secure-deliveries
CORP_HUB_CONTENT_PeakReadiness_SBR_2507,CORP,content campaign,PeakReadiness_SBR,2507,22,17,19,2,10,0.455,https://solutions.ups.com/preparing-for-peak-ussp-page.html,yes,3,2,https://solutions.ups.com/preparing-for-peak-ussp-page.html,shared by 2 pages,yes,https://www.ups.com/us/en/customized-shipping-logistic-services/luxury-premium-goods-business-solutions/deliver-premium-experience-in-peak-and-beyond|https://www.ups.com/us/en/customized-shipping-logistic-services/retail-store-shipping-logistic-solutions
ONLINE_WEB_Manufacturing_Archetype_MktgVirtualConsultationMainPage_108744,ONLINE,audience archetype,Manufacturing,,21,21,21,0,11,0.524,https://solutions.ups.com/virtual-consultation-us-en-v4.html,yes,2,1,https://solutions.ups.com/virtual-consultation-us-en-v4.html,single source page,yes,https://www.ups.com/us/en/customized-shipping-logistic-services/manufacturing-logistics-services
WEB_WEB_UPSMainLandingPage_MktgVirtualConsultationMainPage_105733,WEB,page tag,UPSMainLandingPage,,17,11,0,0,0,0.0,https://solutions.ups.com/virtual-consultation-us-en-v4.html,yes,2,1,https://solutions.ups.com/virtual-consultation-2023-ussp-page.html,single source page,partial,https://www.ups.com/us/en/home
ONLINE_WEB_Small_Business_Solutions_MktgVirtualConsultationMainPage_107602,ONLINE,audience archetype,Small Business Solutions,,15,12,0,0,12,0.8,https://solutions.ups.com/virtual-consultation-us-en-v4.html,yes,5,4,https://solutions.ups.com/virtual-consultation-us-en-v4.html,shared by 4 pages,yes,https://www.ups.com/us/en/business-solutions/business-shipping-tools|https://www.ups.com/us/en/customized-shipping-logistic-services/manufacturing-logistics-services/five-steps-for-a-future-ready-warehouse|https://www.ups.com/us/en/customized-shipping-logistic-services/manufacturing-logistics-services/reducing-downtime-through-logistics-planning|https://www.ups.com/us/en/customized-shipping-logistic-services/manufacturing-logistics-services/sustainable-manufacturing-reduce-costs-environmental-impact
CORP_HUB_CONTENT_PeakReadiness_DTC_2507,CORP,content campaign,PeakReadiness_DTC,2507,13,10,8,0,4,0.308,https://solutions.ups.com/preparing-for-peak-ussp-page.html,yes,2,1,https://solutions.ups.com/preparing-for-peak-ussp-page.html,single source page,yes,https://www.ups.com/us/en/customized-shipping-logistic-services/direct-to-consumer-shipping-logistics-solutions
ONLINE_WEB_SelfServePricingPortal|MktgVirtualConsultationMainPage_104037,ONLINE,audience archetype,SelfServePricingPortal|,,11,10,0,0,3,0.273,https://solutions.ups.com/virtual-consultation-us-en-v4.html,no,0,0,,tag not on a crawled link,,
CORP_HUB_CONTENT_PeakReadiness_LPR_2507,CORP,content campaign,PeakReadiness_LPR,2507,7,4,3,0,0,0.0,https://solutions.ups.com/preparing-for-peak-ussp-page.html,yes,4,4,https://solutions.ups.com/preparing-for-peak-ussp-page.html,shared by 4 pages,yes,https://www.ups.com/us/en/customized-shipping-logistic-services/luxury-premium-goods-business-solutions|https://www.ups.com/us/en/customized-shipping-logistic-services/luxury-premium-goods-business-solutions/lean-inventory-management|https://www.ups.com/us/en/customized-shipping-logistic-services/luxury-premium-goods-business-solutions/luxury-consumer-discretionary-spending|https://www.ups.com/us/en/customized-shipping-logistic-services/wholesale-logistics-services/how-peak-technology-positions-wholesalers-for-success
GM_WEB_CONTENT_Roundtable_2602,GM,content campaign,Roundtable,2602,5,3,1,0,0,0.0,https://solutions.ups.com/sbr-signup-ussp-page.html,yes,1,1,https://solutions.ups.com/sbr-signup-ussp-page.html,single source page,yes,https://www.ups.com/us/en/customized-shipping-logistic-services/retail-store-shipping-logistic-solutions/retail-supply-chain-disruptions
GM_WEB_CONTENT_CrossBorder_2602,GM,content campaign,CrossBorder,2602,4,4,5,1,0,0.0,https://solutions.ups.com/virtual-consultation-us-en-v4.html,yes,2,1,https://solutions.ups.com/virtual-consultation-us-en-v4.html,single source page,yes,https://www.ups.com/us/en/customized-shipping-logistic-services/luxury-premium-goods-business-solutions/delivery-duty-paid-ddp
GM_WEB_CONTENT_HighTechLP_2607,GM,content campaign,HighTechLP,2607,4,4,4,0,3,0.75,https://solutions.ups.com/virtual-consultation-us-en-v4.html,yes,2,1,https://solutions.ups.com/virtual-consultation-us-en-v4.html,single source page,yes,https://www.ups.com/us/en/customized-shipping-logistic-services/high-tech-logistic-services
GM_WEB_CONTENT_CELandingPage_2604,GM,content campaign,CELandingPage,2604,4,1,0,0,2,0.5,https://solutions.ups.com/circular-economy-ussp-page.html,yes,7,3,https://solutions.ups.com/circular-economy-ussp-page.html,shared by 3 pages,yes,https://www.ups.com/us/en/customized-shipping-logistic-services/manufacturing-logistics-services/sustainable-manufacturing|https://www.ups.com/us/en/customized-shipping-logistic-services/manufacturing-logistics-services/sustainable-manufacturing-overcoming-challenges|https://www.ups.com/us/en/customized-shipping-logistic-services/manufacturing-logistics-services/sustainable-manufacturing-reduce-costs-environmental-impact
GM_WEB_CONTENT_OmnichannelRetail_2508,GM,content campaign,OmnichannelRetail,2508,3,3,3,0,0,0.0,https://solutions.ups.com/virtual-consultation-us-en-v4.html,yes,5,3,https://solutions.ups.com/virtual-consultation-us-en-v4.html,shared by 3 pages,yes,https://www.ups.com/us/en/customized-shipping-logistic-services/retail-store-shipping-logistic-solutions/how-predictive-analytics-is-reshaping-retail|https://www.ups.com/us/en/customized-shipping-logistic-services/retail-store-shipping-logistic-solutions/mastering-your-omnichannel-strategy-for-retail-growth|https://www.ups.com/us/en/customized-shipping-logistic-services/retail-store-shipping-logistic-solutions/win-customer-loyalty-with-omnichannel-retail-strategies
GM_WEB_CONTENT_GenZWealth_2604,GM,content campaign,GenZWealth,2604,3,2,1,0,0,0.0,https://solutions.ups.com/consumer-trends-ussp-page.html,yes,5,1,https://solutions.ups.com/consumer-trends-ussp-page.html|https://solutions.ups.com/virtual-consultation-2023-ussp-page.html,single source page,yes,https://www.ups.com/us/en/customized-shipping-logistic-services/luxury-premium-goods-business-solutions/gen-z-buying-habits
ONLINE_WEB_Archetype_Page_MktgVirtualConsultationMainPage_109540,ONLINE,audience archetype,Archetype Page,,3,3,0,0,0,0.0,https://solutions.ups.com/virtual-consultation-us-en-v4.html,yes,5,3,https://solutions.ups.com/virtual-consultation-us-en-v4.html,shared by 3 pages,yes,https://www.ups.com/us/en/customized-shipping-logistic-services|https://www.ups.com/us/en/customized-shipping-logistic-services/industry-specific-resources-and-expertise|https://www.ups.com/us/en/customized-shipping-logistic-services/perishable-goods-shipping-logistics-solutions
LP_MKTO_UPSHC_AAEPageIndividualRedirect_052226,LP,other,,,3,3,0,0,0,0.0,https://solutions.ups.com/virtual-consultation-us-en-v4.html,no,0,0,,tag not on a crawled link,,
ONLINE_WEB_GrowYourBusiness|MktgVirtualConsultationDiscountPage_104208,ONLINE,audience archetype,GrowYourBusiness|,,3,2,0,0,0,0.0,https://solutions.ups.com/virtual-consultation-us-en-v4.html,yes,19,18,https://solutions.ups.com/virtual-consultation-discount-ussp-page.html|https://solutions.ups.com/virtual-consultation-us-en-v4.html,shared by 18 pages,yes,https://about.ups.com/us/en/our-stories/customer-first/-get-with-the-winning-team--how-to-get-started-with-ups-and-grow.html|https://about.ups.com/us/en/our-stories/customer-first/four-exporting-mistakes.html|https://about.ups.com/us/en/our-stories/customer-first/happy-returns-co-founder-and-ceo-david-sobie-talks-expansion-of-.html|https://about.ups.com/us/en/our-stories/customer-first/how-ups-is-strengthening-supply-chains-and-accelerating-growth-a.html|https://about.ups.com/us/en/our-stories/customer-first/how-ups-powers-small-business-growth.html|https://about.ups.com/us/en/our-stories/customer-first/how-ups-shipping-solutions-support-quooker-s-growth-and-customer.html|https://about.ups.com/us/en/our-stories/customer-first/lighting-up-our-u-s--network-end-to-end-with-rfid.html|https://about.ups.com/us/en/our-stories/customer-first/new-shelves--new-customers---same-reliable-shipper.html|https://about.ups.com/us/en/our-stories/customer-first/paper-is-a-pain-for-exporters--that-s-why-ups-is-paperless.html|https://about.ups.com/us/en/our-stories/customer-first/sanmar-and-ups--an-iconic-partnership-delivering-world-class-spe.html|https://about.ups.com/us/en/our-stories/customer-first/small-businesses-grow-beyond-borders-with-ups-.html|https://about.ups.com/us/en/our-stories/customer-first/small-businesses-scale-from-local-favorites-to-global-brands-wit.html|https://about.ups.com/us/en/our-stories/customer-first/spanish-retailer-doubles-u-s--business-with-curated-fashion-and-.html|https://about.ups.com/us/en/our-stories/customer-first/ups-helps-businesses-grow-with-sustainable-shipping-and-easy-ret.html|https://about.ups.com/us/en/our-stories/customer-first/welcome-to-the-next-generation-of-brokerage-services.html|https://about.ups.com/us/en/our-stories/customer-first/woodworking-company-s-export-business-booms-with-help-from-ups.html|https://about.ups.com/us/en/our-stories/innovation-driven/how-ups-is-helping-customers-with-sustainable-logistics.html|https://www.ups.com/us/en/business-solutions/business-shipping-tools
ONLINE_WEB_Direct_to_Consumer_Archetype_MktgVirtualConsultationMainPage_108740,ONLINE,audience archetype,Direct to Consumer,,3,3,0,0,3,1.0,https://solutions.ups.com/virtual-consultation-us-en-v4.html,yes,2,1,https://solutions.ups.com/virtual-consultation-us-en-v4.html,single source page,yes,https://www.ups.com/us/en/customized-shipping-logistic-services/direct-to-consumer-shipping-logistics-solutions
GM_WEB_CONTENT_DocumentSecurity_2601,GM,content campaign,DocumentSecurity,2601,2,2,2,0,0,0.0,https://solutions.ups.com/virtual-consultation-us-en-v4.html,yes,2,1,https://solutions.ups.com/virtual-consultation-2023-ussp-page.html,single source page,partial,https://www.ups.com/us/en/customized-shipping-logistic-services/urgent-documents-shipping-logistics/document-security-across-industries
GM_WEB_CONTENT_RetailConsumerTrends_2604,GM,content campaign,RetailConsumerTrends,2604,2,2,2,0,0,0.0,https://solutions.ups.com/consumer-trends-ussp-page.html,yes,4,1,https://solutions.ups.com/consumer-trends-ussp-page.html|https://solutions.ups.com/virtual-consultation-us-en-v4.html,single source page,yes,https://www.ups.com/us/en/customized-shipping-logistic-services/luxury-premium-goods-business-solutions/retail-consumer-trends
WEB_WEB_Virtual_Assistant_Open_an_Account_MktgVirtualConsultationMainPage_106024,WEB,page tag,Virtual_Assistant_Open_an_Account,,2,2,0,0,0,0.0,https://solutions.ups.com/virtual-consultation-us-en-v4.html,no,0,0,,tag not on a crawled link,,
GM_WEB_CONTENT_DocInteg_2511,GM,content campaign,DocInteg,2511,2,1,0,0,0,0.0,https://solutions.ups.com/virtual-consultation-us-en-v4.html,yes,2,1,https://solutions.ups.com/virtual-consultation-us-en-v4.html,single source page,yes,https://www.ups.com/us/en/customized-shipping-logistic-services/urgent-documents-shipping-logistics/improve-document-workflow
EML_MKTO_UPSDigitalConnections_Commitment_Not_On_Track_MktgVirtualConsultationMainPage_110618,EML,other,,,2,1,0,0,0,0.0,https://solutions.ups.com/virtual-consultation-us-en-v4.html,no,0,0,,tag not on a crawled link,,
ONLINE_WEB_International_Shipping_MktgVirtualConsultationMainPage_110249,ONLINE,audience archetype,International Shipping,,2,1,0,0,0,0.0,https://solutions.ups.com/virtual-consultation-us-en-v4.html,yes,1,1,https://solutions.ups.com/virtual-consultation-us-en-v4.html,single source page,yes,https://www.ups.com/us/en/shipping/international-shipping
ONLINE_WEB_GFP_MktgVirtualConsultationMainPage_108698,ONLINE,audience archetype,GFP,,2,1,0,0,2,1.0,https://solutions.ups.com/virtual-consultation-us-en-v4.html,no,0,0,,tag not on a crawled link,,
EML_MKTO_UPSDigitalConnections_Full_Commitment_Met_MktgVirtualConsultationMainPage_110617,EML,other,,,2,1,0,0,0,0.0,https://solutions.ups.com/virtual-consultation-us-en-v4.html,no,0,0,,tag not on a crawled link,,
ONLINE_WEB_WWE_Page|MktgVirtualConsultationMainPage_104881,ONLINE,audience archetype,WWE Page|,,2,1,0,0,0,0.0,https://solutions.ups.com/virtual-consultation-us-en-v4.html,yes,1,1,https://solutions.ups.com/virtual-consultation-us-en-v4.html,single source page,yes,https://www.ups.com/us/en/business-solutions/grow-your-business-solutions/expand-internationally/ups-worldwide-economy
GM_PARTNER_CONTENT_Roundtable_2509,GM,content campaign,Roundtable,2509,1,1,1,0,0,0.0,https://solutions.ups.com/sbr-signup-ussp-page.html,yes,3,2,https://solutions.ups.com/SBR-signup-ussp-page.html,shared by 2 pages,yes,https://www.ups.com/us/en/customized-shipping-logistic-services/retail-store-shipping-logistic-solutions/improve-retail-customer-satisfaction|https://www.ups.com/us/en/customized-shipping-logistic-services/wholesale-logistics-services/inventory-visibility
GM_WEB_CONTENT_ReduceDisruptions_2607,GM,content campaign,ReduceDisruptions,2607,1,1,1,0,0,0.0,https://solutions.ups.com/virtual-consultation-us-en-v4.html,yes,2,1,https://solutions.ups.com/virtual-consultation-us-en-v4.html,single source page,yes,https://www.ups.com/us/en/customized-shipping-logistic-services/wholesale-logistics-services/avoid-delivery-disruptions
GM_WEB_CONTENT_ProtectPremiumGoods_2602,GM,content campaign,ProtectPremiumGoods,2602,1,1,1,0,0,0.0,https://solutions.ups.com/virtual-consultation-us-en-v4.html,yes,2,1,https://solutions.ups.com/virtual-consultation-2023-ussp-page.html|https://solutions.ups.com/virtual-consultation-us-en-v4.html,single source page,yes,https://www.ups.com/us/en/customized-shipping-logistic-services/luxury-premium-goods-business-solutions/prevent-transit-damage
ONLINE_CONTENT_WHConnections_0625_MktgVirtualConsultationMainPage_109543,ONLINE,audience archetype,WHConnections 0625,,1,1,1,0,0,0.0,https://solutions.ups.com/virtual-consultation-us-en-v4.html,yes,18,9,https://solutions.ups.com/virtual-consultation-2023-ussp-page.html|https://solutions.ups.com/virtual-consultation-us-en-v4.html,shared by 9 pages,yes,https://www.ups.com/us/en/customized-shipping-logistic-services/luxury-premium-goods-business-solutions/deliver-premium-experience-in-peak-and-beyond|https://www.ups.com/us/en/customized-shipping-logistic-services/luxury-premium-goods-business-solutions/lean-inventory-management|https://www.ups.com/us/en/customized-shipping-logistic-services/luxury-premium-goods-business-solutions/the-battle-for-authenticity-track-and-trace-vs-counterfeit-goods|https://www.ups.com/us/en/customized-shipping-logistic-services/retail-store-shipping-logistic-solutions/how-predictive-analytics-is-reshaping-retail|https://www.ups.com/us/en/customized-shipping-logistic-services/urgent-documents-shipping-logistics/urgent-document-verification-secure-deliveries|https://www.ups.com/us/en/customized-shipping-logistic-services/wholesale-logistics-services/fuel-agility-and-profits-for-wholesalers|https://www.ups.com/us/en/customized-shipping-logistic-services/wholesale-logistics-services/how-peak-technology-positions-wholesalers-for-success|https://www.ups.com/us/en/customized-shipping-logistic-services/wholesale-logistics-services/how-wholesale-businesses-keep-and-grow-critical-connections|https://www.ups.com/us/en/customized-shipping-logistic-services/wholesale-logistics-services/wholesaling-services-demand-signals-smarter-forecasting
GM_WEB_CONTENT_SameDayCriticalShipments_2511,GM,content campaign,SameDayCriticalShipments,2511,1,1,1,0,0,0.0,https://solutions.ups.com/virtual-consultation-us-en-v4.html,yes,2,1,https://solutions.ups.com/virtual-consultation-us-en-v4.html,single source page,yes,https://www.ups.com/us/en/customized-shipping-logistic-services/urgent-documents-shipping-logistics/time-sensitive-documents-delivery
GM_WEB_CONTENT_ProductionPlaybook_2511,GM,content campaign,ProductionPlaybook,2511,1,1,1,0,0,0.0,https://solutions.ups.com/virtual-consultation-us-en-v4.html,yes,2,1,https://solutions.ups.com/virtual-consultation-us-en-v4.html,single source page,yes,https://www.ups.com/us/en/customized-shipping-logistic-services/manufacturing-logistics-services/manufacturing-production-planning
",GM_WEB_CONTENT_SensitiveDocuments_2511",",GM",other,,2511,1,1,1,0,0,0.0,https://solutions.ups.com/virtual-consultation-us-en-v4.html,no,0,0,,tag not on a crawled link,,
EML_MKTO_NCC_BookNowCTA_107809,EML,other,,,1,1,0,0,0,0.0,https://solutions.ups.com/virtual-consultation-us-en-v4.html,no,0,0,,tag not on a crawled link,,
TK_HIE_DIR_ConsumerTrends_2603,TK,other,,2603,1,1,0,0,0,0.0,https://solutions.ups.com/consumer-trends-ussp-page.html,no,0,0,,tag not on a crawled link,,
ONLINE_WEB_UPSDigitalConnections/partner.page,ONLINE,other,,,1,1,0,0,0,0.0,https://solutions.ups.com/virtual-consultation-us-en-v4.html,yes,2,1,https://solutions.ups.com/virtual-consultation-us-en-v4.html,single source page,yes,https://www.ups.com/us/en/business-solutions/expand-your-online-business/ups-digital-connections/partners
VAN701918,VAN701918,other,,,1,1,0,0,0,0.0,https://solutions.ups.com/virtual-consultation-us-en-v4.html,no,0,0,,tag not on a crawled link,,
ONLINE_WEB_Expand_your_business_internationally_MktgVirtualConsultationMainPage_110380,ONLINE,audience archetype,Expand your business internationally,,1,1,0,0,0,0.0,https://solutions.ups.com/virtual-consultation-us-en-v4.html,yes,2,1,https://solutions.ups.com/virtual-consultation-us-en-v4.html,single source page,yes,https://www.ups.com/us/en/business-solutions/grow-your-business-solutions/expand-internationally
GM_HUB_CONTENT_PeakWP_2509,GM,other,,2509,0,0,1,1,0,,,yes,2,2,https://solutions.ups.com/preparing-for-peak-ussp-page.html,shared by 2 pages,yes,https://www.ups.com/us/en/customized-shipping-logistic-services/luxury-premium-goods-business-solutions/urban-ambiance-trusts-ups|https://www.ups.com/us/en/customized-shipping-logistic-services/wholesale-logistics-services/how-peak-technology-positions-wholesalers-for-success
